{"rmse": 1.0542720556259155, "R^2": 0.9686265587806702}