{"rmse": 28.855327606201172, "R^2": 0.18745136260986328}