{"rmse": 22.71611976623535, "R^2": 0.31367844343185425}