{"rmse": 0.963878333568573, "R^2": 0.9718987941741943}